{"cameraMode":{"drawMode":0,"name":"Shaded","section":"Shading Mode"},"sceneLighting":true,"audioPlay":false,"sceneViewState":{"showFog":true,"showMaterialUpdate":false,"showSkybox":true,"showFlares":true,"showImageEffects":true,"showParticleSystems":true},"in2DMode":false,"pivot":{"x":3.502878427505493,"y":6.462793827056885,"z":7.060690879821777},"rotation":{"x":0.02958427555859089,"y":-0.8227075338363648,"z":-0.04296934977173805,"w":-0.5661240220069885},"size":7.020347595214844,"orthographic":false}