{"cameraMode":{"drawMode":0,"name":"Shaded","section":"Shading Mode"},"sceneLighting":false,"audioPlay":false,"sceneViewState":{"showFog":true,"showMaterialUpdate":false,"showSkybox":false,"showFlares":true,"showImageEffects":true,"showParticleSystems":true},"in2DMode":false,"pivot":{"x":4.420000076293945,"y":0.1900000274181366,"z":-1.4846115112304688},"rotation":{"x":-0.24582134187221528,"y":-0.26291394233703616,"z":0.06946484744548798,"w":-0.9303932189941406},"size":4.728941917419434,"orthographic":false}