{"cameraMode":{"drawMode":0,"name":"Shaded","section":"Shading Mode"},"sceneLighting":true,"audioPlay":false,"sceneViewState":{"showFog":true,"showMaterialUpdate":false,"showSkybox":true,"showFlares":true,"showImageEffects":true,"showParticleSystems":true},"in2DMode":false,"pivot":{"x":2.7688469886779787,"y":2.2217836380004885,"z":18.606868743896486},"rotation":{"x":0.2197331041097641,"y":-0.10657782107591629,"z":0.024157391861081125,"w":0.9694200754165649},"size":15.71124267578125,"orthographic":false}